{
    "ObjArchives": [
        {
            "archive": "archive.0/_25876_archive_1.a",
            "size": 10055738,
            "objects": [
                [
                    "hEeZs_d.o",
                    4193148
                ],
                [
                    "uM9F1_d.o",
                    9642
                ],
                [
                    "reYIK_d.o",
                    33510
                ],
                [
                    "zr7M1_d.o",
                    3772448
                ],
                [
                    "ZW9aD_d.o",
                    1350232
                ],
                [
                    "ejhbY_d.o",
                    286943
                ],
                [
                    "PLawZ_d.o",
                    8590
                ],
                [
                    "amcQwB.o",
                    401225
                ]
            ]
        }
    ],
    "Modules": {
        "std": {
            "Compiled Times": 1,
            "start_perf": [
                6.3280701637268066,
                5.9140079999999999,
                0.149974,
                299672,
                306044,
                1560551152.6784921
            ],
            "Compiled": "Yes",
            "end_perf": [
                6.3345401287078857,
                5.920452,
                0.14998600000000001,
                299672,
                306044
            ],
            "nQuads": 213,
            "nMops": 462
        },
        "...MASTER...": {
            "start_perf": [
                5.3679120540618896,
                4.9903979999999999,
                0.12398199999999999,
                297476,
                306044,
                1560551151.718334
            ],
            "end_perf": [
                5.3733491897583008,
                4.9926320000000004,
                0.12496500000000001,
                298512,
                306044
            ],
            "nQuads": 0,
            "nMops": 0
        },
        "riscv_instr_test_pkg": {
            "Compiled Times": 1,
            "start_perf": [
                8.0543591976165771,
                7.5817909999999999,
                0.19586500000000001,
                301824,
                306044,
                1560551154.4047811
            ],
            "Compiled": "Yes",
            "end_perf": [
                8.106572151184082,
                7.6299440000000001,
                0.19986699999999999,
                301824,
                306044
            ],
            "nQuads": 1922,
            "nMops": 4843
        },
        "uvm_pkg": {
            "Compiled Times": 1,
            "start_perf": [
                6.3345720767974854,
                5.9204840000000001,
                0.14998600000000001,
                299672,
                306044,
                1560551152.684994
            ],
            "Compiled": "Yes",
            "end_perf": [
                7.6572751998901367,
                7.1923190000000004,
                0.18884999999999999,
                301824,
                306044
            ],
            "nQuads": 47282,
            "nMops": 134811
        },
        "vcs_paramclassrepository": {
            "Compiled Times": 1,
            "start_perf": [
                5.3734021186828613,
                4.9926839999999997,
                0.12496699999999999,
                298512,
                306044,
                1560551151.723824
            ],
            "Compiled": "Yes",
            "end_perf": [
                6.3244152069091797,
                5.9120689999999998,
                0.148976,
                299672,
                306044
            ],
            "nQuads": 35602,
            "nMops": 90608
        },
        "riscv_instr_pkg": {
            "Compiled Times": 1,
            "start_perf": [
                7.6573541164398193,
                7.1923909999999998,
                0.18885199999999999,
                301824,
                306044,
                1560551154.007776
            ],
            "Compiled": "Yes",
            "end_perf": [
                8.0543050765991211,
                7.5817379999999996,
                0.19586400000000001,
                301824,
                306044
            ],
            "nQuads": 18480,
            "nMops": 47345
        },
        "_vcs_DPI_package": {
            "Compiled Times": 1,
            "start_perf": [
                6.3244760036468506,
                5.9121249999999996,
                0.148977,
                299672,
                306044,
                1560551152.6748979
            ],
            "Compiled": "Yes",
            "end_perf": [
                6.3280379772186279,
                5.913977,
                0.149974,
                299672,
                306044
            ],
            "nQuads": 27,
            "nMops": 50
        },
        "riscv_instr_gen_tb_top": {
            "Compiled Times": 1,
            "start_perf": [
                8.1066181659698486,
                7.6299900000000003,
                0.19986799999999999,
                301824,
                306044,
                1560551154.4570401
            ],
            "Compiled": "Yes",
            "end_perf": [
                8.1183919906616211,
                7.6417469999999996,
                0.19986799999999999,
                301824,
                306044
            ],
            "nQuads": 19,
            "nMops": 24
        }
    },
    "stat": {
        "ru_self_end": {
            "ru_utime_sec": 7.6486869999999998,
            "ru_stime_sec": 0.20588300000000001,
            "ru_nivcsw": 1162,
            "ru_majflt": 0,
            "ru_minflt": 57665,
            "ru_maxrss_kb": 137256,
            "ru_nvcsw": 1096
        },
        "ru_childs_end": {
            "ru_utime_sec": 0.0,
            "ru_stime_sec": 0.0,
            "ru_nivcsw": 0,
            "ru_majflt": 0,
            "ru_minflt": 0,
            "ru_maxrss_kb": 0,
            "ru_nvcsw": 0
        },
        "peak_mem_kb": 306044
    },
    "CompUnits": {
        "PLawZ_d": {
            "bytes": 8590,
            "mod": "riscv_instr_gen_tb_top",
            "out": "PLawZ_d.o",
            "mode": 4,
            "checksum": 0,
            "archive": "archive.0/_25876_archive_1.a"
        },
        "amcQw_d": {
            "bytes": 8603,
            "mod": "...MASTER...",
            "out": "objs/amcQw_d.o",
            "mode": 4,
            "checksum": 0
        },
        "hEeZs_d": {
            "bytes": 4193148,
            "mod": "vcs_paramclassrepository",
            "out": "hEeZs_d.o",
            "mode": 4,
            "checksum": 0,
            "archive": "archive.0/_25876_archive_1.a"
        },
        "reYIK_d": {
            "bytes": 33510,
            "mod": "std",
            "out": "reYIK_d.o",
            "mode": 4,
            "checksum": 0,
            "archive": "archive.0/_25876_archive_1.a"
        },
        "uM9F1_d": {
            "bytes": 9642,
            "mod": "_vcs_DPI_package",
            "out": "uM9F1_d.o",
            "mode": 4,
            "checksum": 0,
            "archive": "archive.0/_25876_archive_1.a"
        },
        "zr7M1_d": {
            "bytes": 3772448,
            "mod": "uvm_pkg",
            "out": "zr7M1_d.o",
            "mode": 4,
            "checksum": 0,
            "archive": "archive.0/_25876_archive_1.a"
        },
        "ZW9aD_d": {
            "bytes": 1350232,
            "mod": "riscv_instr_pkg",
            "out": "ZW9aD_d.o",
            "mode": 4,
            "checksum": 0,
            "archive": "archive.0/_25876_archive_1.a"
        },
        "ejhbY_d": {
            "bytes": 286943,
            "mod": "riscv_instr_test_pkg",
            "out": "ejhbY_d.o",
            "mode": 4,
            "checksum": 0,
            "archive": "archive.0/_25876_archive_1.a"
        }
    },